{
  "ch": "market.btcusdt.kline.1min",
  "status": "ok",
  "ts": 1623666541852,
  "data": [
    {
      "id": 1623666540,
      "open": 39160.67,
      "close": 39160.67,
      "low": 39160.67,
      "high": 39160.67,
      "amount": 0,
      "vol": 0,
      "count": 0
    },
    {
      "id": 1623666480,
      "open": 39179.86,
      "close": 39160.67,
      "low": 39149.45,
      "high": 39189.5,
      "amount": 11.191152874584734,
      "vol": 438332.53690495,
      "count": 336
    }
  ]
}
