{
  "ch": "market.ethusdt.detail.merged",
  "status": "ok",
  "ts": 1627609786297,
  "tick": {
    "id": 264809463755,
    "version": 264809463755,
    "open": 2284.01,
    "close": 2434.39,
    "low": 2270.98,
    "high": 2444.87,
    "amount": 256940.9559869302,
    "vol": 6.01401132560899E8,
    "count": 551437,
    "bid": [
      2434.62,
      22.6188
    ],
    "ask": [
      2434.63,
      0.205
    ]
  }
}
